classes,precision,recall,f1-score,support,run_id
Relapse,0.8559782608695652,0.6069364161849711,0.7102593010146562,519.0,1714322978173
No_relapse,0.6955223880597015,0.8978805394990366,0.783851976450799,519.0,1714322978173
